{
    "region": [
        "Australia",
        "Austria",
        "Belgium",
        "Brazil",
        "Canada",
        "Chile",
        "China",
        "Denmark",
        "EU27",
        "Europe",
        "Finland",
        "France",
        "Germany",
        "Greece",
        "Iceland",
        "India",
        "Indonesia",
        "Israel",
        "Italy",
        "Japan",
        "Korea",
        "Mexico",
        "Netherlands",
        "New Zealand",
        "Norway",
        "Poland",
        "Portugal",
        "South Africa",
        "Spain",
        "Sweden",
        "Switzerland",
        "Thailand",
        "Turkiye",
        "United Kingdom",
        "USA",
        "World"
    ],
    "category": [
        "Historical"
    ],
    "parameter": [
        "EV charging points"
    ],
    "mode": [
        "EV"
    ],
    "powertrain": [
        "Publicly available fast",
        "Publicly available slow"
    ],
    "year": [
        2017,
        2018,
        2019,
        2020,
        2021,
        2011,
        2012,
        2013,
        2014,
        2015,
        2016,
        2010
    ],
    "unit": [
        "charging points"
    ],
    "value": [
        40.0,
        440.0,
        61.0,
        670.0,
        1700.0,
        2300.0,
        320.0,
        2000.0,
        0.1000000015,
        1600.0,
        8900.0,
        47.0,
        330.0,
        55.0,
        560.0,
        77.0,
        1300.0,
        110.0,
        1500.0,
        220.0,
        240.0,
        2700.0,
        360.0,
        6100.0,
        480.0,
        8000.0,
        790.0,
        12000.0,
        4.900000095,
        26.0,
        400.0,
        800.0,
        2.0,
        720.0,
        7.0,
        1200.0,
        63.0,
        3400.0,
        140.0,
        3900.0,
        5200.0,
        840.0,
        7100.0,
        980.0,
        11000.0,
        3100.0,
        1.0,
        4.0,
        6.0,
        5.0,
        8.0,
        13.0,
        22.0,
        35.0,
        42.0,
        130.0,
        99.0,
        120.0,
        9000.0,
        21000.0,
        47000.0,
        55000.0,
        86000.0,
        83000.0,
        130000.0,
        110000.0,
        160000.0,
        210000.0,
        300000.0,
        310000.0,
        500000.0,
        470000.0,
        680000.0,
        3.0,
        900.0,
        56.0,
        990.0,
        270.0,
        2100.0,
        310.0,
        4200.0,
        370.0,
        390.0,
        4300.0,
        450.0,
        4500.0,
        5400.0,
        7000.0,
        7300.0,
        6.099999905,
        59.0,
        15000.0,
        690.0,
        23000.0,
        42000.0,
        72000.0,
        81000.0,
        5600.0,
        8600.0,
        98000.0,
        140000.0,
        19000.0,
        180000.0,
        260000.0,
        29000.0,
        3200.0,
        24.0,
        160.0,
        16000.0,
        25000.0,
        780.0,
        1400.0,
        37000.0,
        59000.0,
        3800.0,
        5700.0,
        94000.0,
        9300.0,
        13000.0,
        170000.0,
        20000.0,
        30000.0,
        220000.0,
        43000.0,
        17.0,
        250.0,
        710.0,
        340.0,
        1800.0,
        410.0,
        770.0,
        5800.0,
        9.0,
        100.0,
        580.0,
        9900.0,
        1000.0,
        28000.0,
        3300.0,
        31000.0,
        50000.0,
        18.0,
        2400.0,
        2600.0,
        470.0,
        4600.0,
        630.0,
        9400.0,
        2500.0,
        17000.0,
        26000.0,
        6200.0,
        10.0,
        14.0,
        15.0,
        31.0,
        11.0,
        36.0,
        32.0,
        150.0,
        190.0,
        290.0,
        25.0,
        910.0,
        51.0,
        50.0,
        54.0,
        70.0,
        170.0,
        570.0,
        2900.0,
        860.0,
        8300.0,
        2200.0,
        6000.0,
        22000.0,
        7700.0,
        7900.0,
        920.0,
        1100.0,
        10000.0,
        7400.0,
        9800.0,
        92000.0,
        83.0,
        700.0,
        76.0,
        21.0,
        2800.0,
        18000.0,
        32000.0,
        33000.0,
        820.0,
        36000.0,
        46000.0,
        63000.0,
        200.0,
        89.0,
        260.0,
        430.0,
        58.0,
        3700.0,
        96.0,
        500.0,
        4000.0,
        5300.0,
        6700.0,
        280.0,
        490.0,
        530.0,
        680.0,
        41.0,
        180.0,
        650.0,
        37.0,
        87.0,
        81.0,
        91.0,
        230.0,
        600.0,
        620.0,
        4400.0,
        5500.0,
        7800.0,
        27.0,
        350.0,
        3500.0,
        740.0,
        1900.0,
        8200.0,
        88.0,
        69.0,
        750.0,
        30.0,
        520.0,
        7200.0,
        14000.0,
        35000.0,
        40000.0,
        64000.0,
        82000.0,
        830.0,
        41000.0,
        89000.0,
        150000.0,
        240000.0,
        390000.0,
        600000.0,
        380000.0,
        870000.0,
        1200000.0,
        560000.0
    ]
}