{
    "region": [
        "Australia",
        "Austria",
        "Belgium",
        "Brazil",
        "Bulgaria",
        "Canada",
        "Chile",
        "China",
        "Colombia",
        "Costa Rica",
        "Croatia",
        "Cyprus",
        "Czech Republic",
        "Denmark",
        "Estonia",
        "EU27",
        "Europe",
        "Finland",
        "France",
        "Germany",
        "Greece",
        "Hungary",
        "Iceland",
        "India",
        "Ireland",
        "Israel",
        "Italy",
        "Japan",
        "Korea",
        "Latvia",
        "Lithuania",
        "Luxembourg",
        "Mexico",
        "Netherlands",
        "New Zealand",
        "Norway",
        "Poland",
        "Portugal",
        "Rest of the world",
        "Romania",
        "Seychelles",
        "Slovakia",
        "Slovenia",
        "South Africa",
        "Spain",
        "Sweden",
        "Switzerland",
        "Turkiye",
        "United Arab Emirates",
        "United Kingdom",
        "USA",
        "World"
    ],
    "category": [
        "Historical"
    ],
    "parameter": [
        "EV sales share",
        "EV stock share",
        "EV sales",
        "EV stock",
        "Electricity demand",
        "Oil displacement Mbd",
        "Oil displacement, million lge"
    ],
    "mode": [
        "Cars"
    ],
    "powertrain": [
        "EV",
        "BEV",
        "PHEV",
        "FCEV"
    ],
    "year": [
        2011,
        2012,
        2013,
        2014,
        2015,
        2016,
        2017,
        2018,
        2019,
        2020,
        2021,
        2010
    ],
    "unit": [
        "percent",
        "Vehicles",
        "GWh",
        "Milion barrels per day",
        "Oil displacement, million lge"
    ],
    "value": [
        0.006500000134,
        0.0003900000011,
        49.0,
        220.0,
        170.0,
        0.002400000114,
        0.02999999933,
        80.0,
        100.0,
        180.0,
        0.03400000185,
        0.004600000102,
        190.0,
        410.0,
        780.0,
        370.0,
        0.01400000043,
        0.1599999964,
        1100.0,
        950.0,
        1000.0,
        2100.0,
        0.200000003,
        0.0270000007,
        760.0,
        1500.0,
        2200.0,
        670.0,
        0.03700000048,
        0.150000006,
        2800.0,
        700.0,
        3900.0,
        0.2599999905,
        0.05200000107,
        1200.0,
        3400.0,
        5200.0,
        1800.0,
        0.07699999958,
        0.4199999869,
        5700.0,
        2900.0,
        8600.0,
        1.200000048,
        0.1400000006,
        6300.0,
        12000.0,
        17000.0,
        0.1800000072,
        1.100000024,
        10000.0,
        1700.0,
        14000.0,
        44.0,
        2.799999952,
        0.3199999928,
        34000.0,
        0.007899999619,
        350.0,
        990.0,
        0.02199999988,
        0.03299999982,
        1400.0,
        140.0,
        650.0,
        0.05299999937,
        0.5699999928,
        0.08900000155,
        6.0,
        3.0,
        4.0,
        5000.0,
        0.8999999762,
        1.5,
        0.2399999946,
        3800.0,
        9100.0,
        13.0,
        2300.0,
        19.0,
        2.0,
        15000.0,
        5400.0,
        0.3799999952,
        2.599999905,
        0.5299999714,
        6800.0,
        21000.0,
        7.0,
        24.0,
        8000.0,
        41.0,
        30000.0,
        9300.0,
        0.75,
        3.5,
        9.5,
        16000.0,
        45000.0,
        14.0,
        45.0,
        7600.0,
        29000.0,
        55.0,
        77000.0,
        33000.0,
        2.099999905,
        20.0,
        0.009999999776,
        0.001300000004,
        48.0,
        61.0,
        8.0,
        1.0,
        9.0,
        26.0,
        16.0,
        320.0,
        280.0,
        0.1899999976,
        570.0,
        830.0,
        340.0,
        590.0,
        60.0,
        500.0,
        0.1199999973,
        0.4099999964,
        0.06700000167,
        1300.0,
        2500.0,
        3300.0,
        0.1299999952,
        0.7699999809,
        1.700000048,
        0.2800000012,
        11000.0,
        7100.0,
        23000.0,
        31.0,
        7500.0,
        11.0,
        2700.0,
        2.400000095,
        0.7400000095,
        3600.0,
        9600.0,
        8900.0,
        41000.0,
        19000.0,
        12.0,
        8800.0,
        3.200000048,
        1.799999952,
        32000.0,
        64.0,
        73000.0,
        48000.0,
        120000.0,
        85.0,
        52000.0,
        21.0,
        2.900000095,
        18.0,
        10.0,
        0.0003499999875,
        0.0002800000075,
        22.0,
        33.0,
        39.0,
        0.002199999988,
        0.000159999996,
        0.0003800000122,
        0.00419999985,
        120.0,
        28.0,
        75.0,
        47.0,
        130.0,
        250.0,
        0.01099999994,
        0.0007999999798,
        0.001700000023,
        0.02300000004,
        290.0,
        360.0,
        230.0,
        0.01999999955,
        0.002499999944,
        0.007000000216,
        0.08600000292,
        890.0,
        540.0,
        800.0,
        1600.0,
        0.01300000027,
        0.04600000009,
        4400.0,
        0.09000000358,
        5.0,
        0.05000000075,
        0.3400000036,
        38.0,
        68.0,
        0.6399999857,
        0.6700000167,
        56.0,
        430.0,
        2.200000048,
        300.0,
        0.002899999963,
        0.04100000113,
        620.0,
        2400.0,
        3100.0,
        0.2199999988,
        0.349999994,
        5300.0,
        9900.0,
        7700.0,
        0.08399999887,
        0.4499999881,
        0.7599999905,
        6400.0,
        8700.0,
        25000.0,
        22000.0,
        0.2099999934,
        42000.0,
        76000.0,
        79.0,
        96.0,
        60000.0,
        0.5899999738,
        3.400000095,
        4.199999809,
        0.8299999833,
        82000.0,
        130000.0,
        37000.0,
        59000.0,
        190000.0,
        28000.0,
        110000.0,
        6.400000095,
        0.0002200000017,
        0.002000000095,
        0.001900000032,
        0.0005099999835,
        0.001000000047,
        0.007100000046,
        23.0,
        0.01700000092,
        0.002099999925,
        37.0,
        32.0,
        54.0,
        46.0,
        15.0,
        0.06100000069,
        0.0700000003,
        440.0,
        210.0,
        160.0,
        110.0,
        550.0,
        0.03500000015,
        820.0,
        270.0,
        2.9e-05,
        0.003100000089,
        0.009200000204,
        0.0001100000009,
        6.699999809,
        4800.0,
        660.0,
        920.0,
        260.0,
        0.0002699999895,
        0.07299999893,
        0.01899999939,
        0.03099999949,
        0.09499999881,
        0.000549999997,
        730.0,
        31000.0,
        470.0,
        26000.0,
        24000.0,
        49000.0,
        81.0,
        0.400000006,
        0.00410000002,
        240.0,
        150000.0,
        61000.0,
        87000.0,
        210000.0,
        460000.0,
        170000.0,
        79000.0,
        260000.0,
        0.00820000004,
        490.0,
        0.3899999857,
        0.6600000262,
        0.01499999966,
        280000.0,
        930000.0,
        470000.0,
        6200.0,
        820000.0,
        1700000.0,
        540000.0,
        270000.0,
        4.699999809,
        0.04300000146,
        2600.0,
        230000.0,
        770000.0,
        2600000.0,
        830000.0,
        8400.0,
        920000.0,
        3500000.0,
        990000.0,
        220000.0,
        0.05099999905,
        3000.0,
        5.699999809,
        1.899999976,
        3.099999905,
        0.09799999744,
        550000.0,
        1600000.0,
        6200000.0,
        2700000.0,
        18000.0,
        5800.0,
        25.0,
        92.0,
        0.5500000119,
